GP ACCOUNT,NS ACCOUNT
0-10-00-340-000,*** NO MAPPED
0-20-00-340-000,*** NO MAPPED
0-21-00-340-000,*** NO MAPPED
0-22-00-340-000,*** NO MAPPED
0-23-00-340-000,*** NO MAPPED
0-24-00-340-000,*** NO MAPPED
0-30-00-340-000,*** NO MAPPED
0-34-00-340-000,*** NO MAPPED
0-40-00-340-000,*** NO MAPPED
0-50-00-340-000,*** NO MAPPED
0-60-00-340-000,*** NO MAPPED
0-65-00-340-000,*** NO MAPPED
0-70-00-340-000,*** NO MAPPED
0-80-00-340-000,*** NO MAPPED
0-85-00-340-000,*** NO MAPPED
0-90-00-340-000,*** NO MAPPED
0-95-00-340-000,*** NO MAPPED
0-96-00-340-000,*** NO MAPPED
0-99-00-340-000,*** NO MAPPED
2-10-11-129-171,129101
2-10-11-129-181,129101
2-10-11-129-191,129101
2-10-11-129-195,129101
2-10-11-129-196,129101
2-70-71-101-100,101104
2-70-71-111-100,111001
2-70-71-111-185,111001
2-70-71-115-100,115000
2-70-71-121-100,121000
2-70-71-128-100,128000
2-70-71-129-111,129101
2-70-71-129-121,129101
2-70-71-129-122,129101
2-70-71-129-131,129101
2-70-71-129-171,129101
2-70-71-129-181,129101
2-70-71-129-185,129101
2-70-71-129-191,129101
2-70-71-129-192,129101
2-70-71-129-193,129101
2-70-71-129-195,129101
2-70-71-129-196,129101
2-70-71-131-100,131105
2-70-71-131-112,131105
2-70-71-131-114,131105
2-70-71-131-116,131105
2-70-71-133-100,133100
2-70-71-141-00 ,*** NO MAPPED
2-70-71-141-100,141100
2-70-71-141-105,141105
2-70-71-143-100,143100
2-70-71-143-101,143101
2-70-71-143-104,143104
2-70-71-143-105,143112
2-70-71-144-108,144101
2-70-71-145-100,145100
2-70-71-146-100,146100
2-70-71-146-101,146101
2-70-71-162-100,*** NO MAPPED
2-70-71-163-100,*** NO MAPPED
2-70-71-201-100,201100
2-70-71-209-100,209100
2-70-71-209-111,209101
2-70-71-209-121,209100
2-70-71-209-122,209100
2-70-71-209-130,209100
2-70-71-209-131,209100
2-70-71-209-171,209100
2-70-71-209-180,209101
2-70-71-209-181,209101
2-70-71-209-185,209101
2-70-71-209-195,209102
2-70-71-209-196,209102
2-70-71-211-100,211100
2-70-71-211-171,211100
2-70-71-212-100,212100
2-70-71-213-100,213100
2-70-71-243-100,243200
2-70-71-250-100,201100
2-70-71-340-100,*** NO MAPPED
2-70-71-410-100,410000
2-70-71-415-100,415100
2-70-71-422-100,422000
2-70-71-460-100,460100
2-70-71-461-100,461100
2-70-71-462-117,462117
2-70-71-462-185,462117
2-70-71-620-100,620100
2-70-71-622-100,622100
2-70-71-755-100,755100
2-70-71-756-100,756100
2-70-71-810-100,810000
2-70-71-811-100,811100
2-70-71-811-171,811100
2-70-71-811-181,811100
2-70-71-812-100,812100
2-70-71-813-100,813000
2-70-71-813-101,813000
2-70-71-814-100,814100
2-70-71-815-100,815100
2-70-71-816-100,815100
2-70-71-817-100,817000
2-70-71-821-100,821100
2-70-71-821-101,821101
2-70-71-822-100,822000
2-70-71-823-100,823000
2-70-71-823-104,823000
2-70-71-825-100,825000
2-70-71-830-100,830000
2-70-71-831-100,831000
2-70-71-832-112,832000
2-70-71-832-116,832000
2-70-71-833-100,833000
2-70-71-833-112,833000
2-70-71-833-116,833000
2-70-71-840-100,840000
2-70-71-840-112,840000
2-70-71-841-100,841000
2-70-71-842-100,842000
2-70-71-845-100,845000
2-70-71-860-100,860000
2-70-71-862-100,863000
2-70-71-864-100,865000
2-70-71-865-100,866000
2-70-71-865-101,867000
2-70-71-866-100,868000
2-70-71-867-100,869000
2-70-71-870-100,870000
2-70-71-871-100,871100
2-70-71-871-112,871100
2-70-71-871-114,871100
2-70-71-871-116,871100
2-70-71-872-100,872100
2-70-71-872-112,872100
2-70-71-872-114,872100
2-70-71-872-116,872100
2-70-71-873-100,873100
2-70-71-873-112,873100
2-70-71-873-114,873100
2-70-71-873-116,873100
2-70-71-874-100,874100
2-70-71-874-112,874100
2-70-71-890-100,890000
2-70-71-890-195,890195
2-70-71-891-100,891100
2-70-71-893-100,891300
2-70-71-901-100,901100
2-70-71-902-100,465100
2-70-71-910-100,900200
2-70-71-911-100,900200
2-70-71-924-100,924100
2-70-71-960-100,900900
2-70-75-121-100,121000
2-70-75-128-100,128000
2-70-75-131-100,131105
2-70-75-131-112,131105
2-70-75-131-114,131105
2-70-75-131-116,131105
2-70-75-201-100,201100
2-70-75-211-100,211100
2-70-75-755-100,755100
2-70-75-756-100,756100
2-70-75-810-100,810000
2-70-75-811-185,811100
2-70-75-812-100,812100
2-70-75-814-100,814100
2-70-75-815-100,815100
2-70-75-816-100,815100
2-70-75-817-100,817000
2-70-75-821-101,821101
2-70-75-822-100,822000
2-70-75-823-100,823000
2-70-75-823-104,823000
2-70-75-830-100,830000
2-70-75-831-100,831000
2-70-75-833-100,833000
2-70-75-833-112,833000
2-70-75-840-100,840000
2-70-75-841-100,841000
2-70-75-845-100,845000
2-70-75-862-100,863000
2-70-75-864-100,865000
2-70-75-865-100,866000
2-70-75-865-101,867000
2-70-75-866-100,868000
2-70-75-867-100,869000
2-70-75-871-100,871100
2-70-75-871-112,871100
2-70-75-871-114,871100
2-70-75-871-116,871100
2-70-75-872-100,872100
2-70-75-872-112,872100
2-70-75-872-114,872100
2-70-75-872-116,872100
2-70-75-873-100,873100
2-70-75-873-112,873100
2-70-75-873-114,873100
2-70-75-873-116,873100
2-70-75-874-100,874100
2-70-75-874-112,874100
2-70-75-890-100,890000
2-80-80-990-100,990100
2-80-81-101-100,101104
2-80-81-115-100,115000
2-80-81-116-100,116000
2-80-81-116-103,116000
2-80-81-128-100,128000
2-80-81-129-111,129101
2-80-81-129-121,129101
2-80-81-129-122,129101
2-80-81-129-171,129101
2-80-81-129-185,129101
2-80-81-129-195,129101
2-80-81-140-100,140100
2-80-81-141-100,141100
2-80-81-141-101,141101
2-80-81-141-105,141105
2-80-81-141-109,141109
2-80-81-142-100,142100
2-80-81-142-101,142101
2-80-81-142-109,142109
2-80-81-143-100,143100
2-80-81-143-101,143101
2-80-81-143-102,143102
2-80-81-143-103,143103
2-80-81-143-104,143104
2-80-81-143-105,143112
2-80-81-143-109,143109
2-80-81-144-108,144101
2-80-81-144-109,144102
2-80-81-145-100,145100
2-80-81-145-101,145101
2-80-81-146-100,146100
2-80-81-146-103,146101
2-80-81-148-107,148107
2-80-81-148-109,148109
2-80-81-151-100,151101
2-80-81-152-100,152100
2-80-81-153-100,153100
2-80-81-154-100,154100
2-80-81-162-100,*** NO MAPPED
2-80-81-163-100,*** NO MAPPED
2-80-81-201-100,201100
2-80-81-201-101,201101
2-80-81-205-100,205100
2-80-81-206-100,206100
2-80-81-206-103,206100
2-80-81-209-111,209100
2-80-81-209-122,209100
2-80-81-209-171,209101
2-80-81-209-180,209101
2-80-81-209-185,209101
2-80-81-209-191,209100
2-80-81-209-195,209100
2-80-81-211-171,211100
2-80-81-212-100,212100
2-80-81-212-101,212101
2-80-81-213-100,213100
2-80-81-221-100,221100
2-80-81-242-100,243100
2-80-81-243-100,243200
2-80-81-250-100,201100
2-80-81-340-181,340181
2-80-81-410-100,410000
2-80-81-415-100,415100
2-80-81-422-100,422000
2-80-81-460-100,460100
2-80-81-620-100,620100
2-80-81-620-101,620101
2-80-81-621-100,621102
2-80-81-622-100,622100
2-80-81-810-100,810000
2-80-81-890-100,890000
2-80-81-901-100,901100
2-80-81-902-100,465100
2-80-81-910-100,910100
2-80-81-911-100,900200
2-80-81-921-100,921100
2-80-81-921-101,921101
2-80-81-922-100,922100
2-80-81-923-100,923100
2-80-81-924-100,924100
2-80-81-960-100,900900
2-90-90-101-100,101106
2-90-90-115-100,115000
2-90-90-128-100,128000
2-90-90-129-171,129101
2-90-90-129-181,129101
2-90-90-140-100,140100
2-90-90-141-100,141100
2-90-90-143-100,143111
2-90-90-143-101,143101
2-90-90-143-102,143102
2-90-90-143-103,143103
2-90-90-143-104,143104
2-90-90-144-108,144101
2-90-90-144-109,144102
2-90-90-146-100,146100
2-90-90-146-101,146101
2-90-90-146-102,146101
2-90-90-146-103,146103
2-90-90-147-101,147101
2-90-90-148-109,148109
2-90-90-163-100,*** NO MAPPED
2-90-90-201-100,201100
2-90-90-209-180,209101
2-90-90-212-100,212100
2-90-90-213-100,213100
2-90-90-243-100,243200
2-90-90-250-100,201100
2-90-90-340-190,340190
2-90-90-410-100,410000
2-90-90-621-100,621102
2-90-90-622-100,622100
2-90-90-823-100,823000
2-90-90-890-100,890000
2-90-90-901-100,901100
2-90-90-902-100,465100
2-90-90-902-101,902101
2-90-90-911-100,900200
2-90-90-960-100,900900
2-90-91-128-100,128000
2-90-91-141-100,141100
2-90-91-141-105,141105
2-90-91-143-100,143111
2-90-91-143-104,143104
2-90-91-143-105,143112
2-90-91-144-108,144101
2-90-91-162-100,*** NO MAPPED
2-90-91-163-100,*** NO MAPPED
2-90-91-201-100,201100
2-90-91-206-100,206100
2-90-91-209-171,209100
2-90-91-209-180,209101
2-90-91-209-195,209100
2-90-91-211-171,211100
2-90-91-212-100,212100
2-90-91-213-100,213100
2-90-91-243-100,243200
2-90-91-410-100,410000
2-90-91-415-100,415100
2-90-91-422-100,422000
2-90-91-621-100,621102
2-90-91-621-101,620101
2-90-91-622-100,622100
2-90-91-810-100,810000
2-90-91-890-100,890000
2-90-91-901-100,901100
2-90-91-910-100,900200
2-90-91-911-100,900200
2-90-91-960-100,900900
2-90-92-128-100,128000
2-90-92-141-100,141100
2-90-92-141-105,141105
2-90-92-162-100,*** NO MAPPED
2-90-92-163-100,*** NO MAPPED
2-90-92-206-100,206100
2-90-92-209-171,209100
2-90-92-211-171,211100
2-90-92-212-100,212100
2-90-92-213-100,213100
2-90-92-243-100,243200
2-90-92-410-100,410000
2-90-92-422-100,422000
2-90-92-621-100,621102
2-90-92-621-101,620101
2-90-92-622-100,622100
2-90-92-901-100,901100
2-90-92-910-100,900200
2-90-92-960-100,900900
2-90-93-128-100,128000
2-90-93-140-100,140100
2-90-93-141-100,141100
2-90-93-141-101,141101
2-90-93-141-105,141105
2-90-93-142-109,142109
2-90-93-143-100,143111
2-90-93-143-101,143101
2-90-93-143-102,143102
2-90-93-143-103,143103
2-90-93-143-105,143112
2-90-93-144-108,144101
2-90-93-146-100,146100
2-90-93-162-100,*** NO MAPPED
2-90-93-163-100,*** NO MAPPED
2-90-93-206-100,206100
2-90-93-209-171,209100
2-90-93-211-171,211100
2-90-93-212-100,212100
2-90-93-213-100,213100
2-90-93-243-100,243200
2-90-93-410-100,410000
2-90-93-415-100,415100
2-90-93-422-100,422000
2-90-93-620-100,620100
2-90-93-621-100,621102
2-90-93-621-101,620101
2-90-93-622-100,622100
2-90-93-890-100,890000
2-90-93-901-100,901100
2-90-93-910-100,900200
2-90-93-921-100,921100
2-90-93-924-100,924100
2-90-93-960-100,900900
2-95-95-101-100,101106
2-95-95-115-100,115000
2-95-95-128-100,128000
2-95-95-129-171,129101
2-95-95-129-191,129101
2-95-95-147-100,147102
2-95-95-147-101,147101
2-95-95-162-100,*** NO MAPPED
2-95-95-163-100,*** NO MAPPED
2-95-95-201-100,201100
2-95-95-205-100,205100
2-95-95-206-100,206100
2-95-95-209-100,209100
2-95-95-209-171,209100
2-95-95-209-180,209101
2-95-95-211-171,211100
2-95-95-212-100,212100
2-95-95-213-100,213100
2-95-95-221-100,221100
2-95-95-231-100,231100
2-95-95-242-100,243100
2-95-95-243-100,243200
2-95-95-246-100,246100
2-95-95-250-100,201100
2-95-95-340-195,340195
2-95-95-410-100,410000
2-95-95-620-100,620100
2-95-95-621-100,621102
2-95-95-621-102,621102
2-95-95-890-100,890000
2-95-95-901-100,901100
2-95-95-902-100,465100
2-95-95-910-100,900200
2-95-95-911-100,900200
2-95-95-960-100,900900
2-95-95-961-100,900900
2-96-96-128-100,128000
2-96-96-129-171,129101
2-96-96-141-100,141100
2-96-96-141-105,141105
2-96-96-143-100,143111
2-96-96-143-105,143112
2-96-96-147-100,147103
2-96-96-162-100,*** NO MAPPED
2-96-96-163-100,*** NO MAPPED
2-96-96-209-171,209100
2-96-96-209-180,209101
2-96-96-209-195,209100
2-96-96-211-171,211100
2-96-96-212-100,212100
2-96-96-213-100,213100
2-96-96-231-100,231100
2-96-96-243-100,243200
2-96-96-340-196,340196
2-96-96-410-100,410000
2-96-96-415-100,415000
2-96-96-422-100,422000
2-96-96-620-100,620100
2-96-96-621-100,621102
2-96-96-622-100,622100
2-96-96-890-100,890000
2-96-96-901-100,901100
2-96-96-910-100,900200
2-96-96-911-100,900200
2-96-96-960-100,900900
3-10-11-101-100,101100
3-10-11-102-100,101100
3-10-11-111-100,116000
3-10-11-115-100,115000
3-10-11-121-100,121000
3-10-11-122-100,122000
3-10-11-128-100,128000
3-10-11-128-101,128101
3-10-11-128-116,128000
3-10-11-128-199,128000
3-10-11-128-331,128000
3-10-11-128-332,128000
3-10-11-128-334,128000
3-10-11-128-347,128000
3-10-11-128-354,128000
3-10-11-129-100,129101
3-10-11-129-111,129101
3-10-11-129-121,129101
3-10-11-129-122,129101
3-10-11-129-123,129101
3-10-11-129-124,129101
3-10-11-129-131,129101
3-10-11-129-134,129101
3-10-11-129-141,129101
3-10-11-129-151,129101
3-10-11-129-161,129101
3-10-11-129-165,129101
3-10-11-129-171,129101
3-10-11-129-181,129101
3-10-11-129-185,129101
3-10-11-129-199,129101
3-10-11-131-100,131100
3-10-11-131-112,131105
3-10-11-131-114,131105
3-10-11-131-116,131105
3-10-11-132-100,131101
3-10-11-161-100,161101
3-10-11-161-101,161100
3-10-11-176-100,176100
3-10-11-201-100,201100
3-10-11-201-101,201101
3-10-11-209-100,209100
3-10-11-209-121,209102
3-10-11-209-122,209102
3-10-11-209-123,209100
3-10-11-209-124,209100
3-10-11-209-131,209102
3-10-11-209-132,209100
3-10-11-209-147,209100
3-10-11-209-171,209100
3-10-11-209-181,209100
3-10-11-209-185,209100
3-10-11-211-100,211100
3-10-11-214-100,214100
3-10-11-221-100,221100
3-10-11-222-100,222100
3-10-11-223-100,223100
3-10-11-224-100,224100
3-10-11-225-100,225100
3-10-11-226-100,226100
3-10-11-242-100,243100
3-10-11-243-100,243200
3-10-11-245-100,245100
3-10-11-250-100,201100
3-10-11-299-101,214100
3-10-11-340-100,340100
3-10-11-410-100,410000
3-10-11-410-101,410101
3-10-11-421-100,421100
3-10-11-425-101,425101
3-10-11-460-100,460100
3-10-11-460-121,460100
3-10-11-460-122,460100
3-10-11-460-199,460100
3-10-11-490-100,490100
3-10-11-611-100,611100
3-10-11-620-100,620100
3-10-11-638-101,638101
3-10-11-710-111,710100
3-10-11-710-113,710100
3-10-11-710-115,710100
3-10-11-710-117,710100
3-10-11-710-118,710100
3-10-11-710-119,710100
3-10-11-710-120,710100
3-10-11-710-122,710100
3-10-11-710-124,710100
3-10-11-710-130,710100
3-10-11-710-170,710100
3-10-11-720-111,720100
3-10-11-720-113,720100
3-10-11-720-115,720100
3-10-11-720-117,720100
3-10-11-720-118,720100
3-10-11-720-119,720100
3-10-11-720-120,720100
3-10-11-720-122,720100
3-10-11-720-124,720100
3-10-11-720-130,720100
3-10-11-720-170,720100
3-10-11-730-111,730100
3-10-11-730-113,730100
3-10-11-730-115,730100
3-10-11-730-117,730100
3-10-11-730-118,730100
3-10-11-730-119,730100
3-10-11-730-120,730100
3-10-11-730-122,730100
3-10-11-730-124,730100
3-10-11-730-130,730100
3-10-11-730-170,730100
3-10-11-740-111,750100
3-10-11-740-113,750100
3-10-11-740-115,750100
3-10-11-740-117,740100
3-10-11-740-118,750100
3-10-11-740-119,750100
3-10-11-740-120,750100
3-10-11-740-122,750100
3-10-11-740-124,750100
3-10-11-740-130,750100
3-10-11-740-170,750100
3-10-11-750-111,750100
3-10-11-750-113,750100
3-10-11-750-115,750100
3-10-11-750-117,750100
3-10-11-750-118,750100
3-10-11-750-120,750100
3-10-11-750-130,750100
3-10-11-750-170,750100
3-10-11-751-100,751100
3-10-11-752-100,752100
3-10-11-752-111,752100
3-10-11-752-113,752100
3-10-11-752-117,752100
3-10-11-752-118,752100
3-10-11-752-130,752100
3-10-11-753-100,753100
3-10-11-754-111,754000
3-10-11-754-118,754000
3-10-11-754-130,754000
3-10-11-755-100,755100
3-10-11-755-111,755100
3-10-11-755-113,755100
3-10-11-755-115,755100
3-10-11-755-117,755100
3-10-11-755-118,755100
3-10-11-755-120,755100
3-10-11-755-130,755100
3-10-11-755-170,755100
3-10-11-756-100,756100
3-10-11-756-111,756100
3-10-11-756-113,756100
3-10-11-756-115,756100
3-10-11-756-118,756100
3-10-11-756-120,756100
3-10-11-756-130,756100
3-10-11-757-100,757100
3-10-11-757-111,757100
3-10-11-757-113,757100
3-10-11-757-115,757100
3-10-11-757-117,757100
3-10-11-757-118,757100
3-10-11-757-120,757100
3-10-11-757-130,757100
3-10-11-757-170,757100
3-10-11-758-111,758111
3-10-11-760-100,760100
3-10-11-760-101,760100
3-10-11-760-331,760100
3-10-11-760-332,760100
3-10-11-760-334,760100
3-10-11-760-347,760100
3-10-11-760-354,760100
3-10-11-770-111,770100
3-10-11-790-100,790100
3-10-11-810-100,810000
3-10-11-811-100,811100
3-10-11-811-110,811100
3-10-11-812-100,812100
3-10-11-813-100,813000
3-10-11-814-100,814100
3-10-11-815-100,815100
3-10-11-816-100,815100
3-10-11-817-100,817000
3-10-11-820-100,820000
3-10-11-820-101,820101
3-10-11-821-100,821100
3-10-11-821-101,821101
3-10-11-822-100,822000
3-10-11-822-120,822000
3-10-11-822-130,822000
3-10-11-822-170,822000
3-10-11-823-100,823000
3-10-11-823-101,823101
3-10-11-823-104,823000
3-10-11-823-116,823000
3-10-11-824-100,824000
3-10-11-825-100,825000
3-10-11-830-100,830000
3-10-11-830-114,830000
3-10-11-831-100,831000
3-10-11-832-100,832000
3-10-11-832-112,832000
3-10-11-832-116,832000
3-10-11-833-100,833000
3-10-11-833-112,833000
3-10-11-833-116,833000
3-10-11-834-100,834000
3-10-11-840-100,840000
3-10-11-841-100,841000
3-10-11-842-100,842000
3-10-11-843-100,843000
3-10-11-844-100,844000
3-10-11-845-100,845000
3-10-11-846-100,846000
3-10-11-860-100,860000
3-10-11-860-112,860000
3-10-11-862-100,863000
3-10-11-863-100,865000
3-10-11-864-100,865000
3-10-11-865-100,866000
3-10-11-865-101,867000
3-10-11-866-100,868000
3-10-11-867-100,869000
3-10-11-870-100,870000
3-10-11-870-112,870000
3-10-11-870-114,870000
3-10-11-870-116,870000
3-10-11-871-100,871100
3-10-11-871-112,871100
3-10-11-871-114,871100
3-10-11-871-116,871100
3-10-11-872-100,872100
3-10-11-872-112,872100
3-10-11-872-114,872100
3-10-11-872-116,872100
3-10-11-873-100,873100
3-10-11-873-112,873100
3-10-11-873-114,873100
3-10-11-873-116,873100
3-10-11-874-100,874100
3-10-11-874-112,874100
3-10-11-874-114,874100
3-10-11-874-116,874100
3-10-11-880-112,880100
3-10-11-890-100,890000
3-10-11-890-101,890101
3-10-11-890-117,890000
3-10-11-891-100,891100
3-10-11-891-170,891100
3-10-11-891-171,891200
3-10-11-901-100,901100
3-10-11-901-101,901100
3-10-11-902-101,902101
3-10-11-902-102,902102
3-10-11-902-103,*** NO MAPPED
3-10-11-910-100,900200
3-10-11-910-101,910100
3-10-11-911-100,900200
3-10-11-960-100,900900
3-10-11-960-101,960101
3-10-11-999-100,999100
3-10-12-131-100,131105
3-10-12-131-112,131105
3-10-12-421-112,421112
3-10-12-480-100,440100
3-10-12-480-112,440100
3-10-12-813-100,813000
3-10-12-813-112,813000
3-10-12-814-100,814100
3-10-12-816-100,815100
3-10-12-822-100,822000
3-10-12-822-112,822000
3-10-12-823-100,823000
3-10-12-830-100,830000
3-10-12-830-112,830000
3-10-12-832-112,832000
3-10-12-833-112,833000
3-10-12-840-112,840000
3-10-12-842-100,842000
3-10-12-842-112,842000
3-10-12-844-100,844000
3-10-12-845-100,845000
3-10-12-845-112,845000
3-10-12-860-100,860000
3-10-12-870-100,870000
3-10-12-871-112,871100
3-10-12-872-112,872100
3-10-12-873-112,873100
3-10-12-880-112,880100
3-10-13-131-100,131105
3-10-13-131-112,131105
3-10-13-131-114,131105
3-10-13-131-116,131105
3-10-13-425-100,425100
3-10-13-750-100,750100
3-10-13-770-100,770100
3-10-13-815-100,815100
3-10-13-820-101,820101
3-10-13-821-100,821100
3-10-13-821-101,821101
3-10-13-822-100,822000
3-10-13-823-100,823000
3-10-13-823-116,823000
3-10-13-824-100,824000
3-10-13-825-100,825000
3-10-13-830-100,830000
3-10-13-832-100,832000
3-10-13-832-112,832000
3-10-13-832-116,832000
3-10-13-833-100,833000
3-10-13-833-112,833000
3-10-13-833-116,833000
3-10-13-840-100,840000
3-10-13-841-100,841000
3-10-13-842-100,842000
3-10-13-842-112,842000
3-10-13-845-100,845000
3-10-13-846-100,846000
3-10-13-865-100,866000
3-10-13-865-101,867000
3-10-13-866-100,868000
3-10-13-867-100,869000
3-10-13-870-100,870000
3-10-13-870-112,870000
3-10-13-870-114,870000
3-10-13-871-100,871100
3-10-13-871-112,871100
3-10-13-871-114,871100
3-10-13-871-116,871100
3-10-13-872-100,872100
3-10-13-872-112,872100
3-10-13-872-114,872100
3-10-13-872-116,872100
3-10-13-873-100,873100
3-10-13-873-112,873100
3-10-13-873-114,873100
3-10-13-873-116,873100
3-10-13-874-100,874100
3-10-13-874-112,874100
3-10-13-874-114,874100
3-10-14-131-100,131105
3-10-14-131-112,131105
3-10-14-131-114,131105
3-10-14-750-100,750100
3-10-14-750-114,750100
3-10-14-752-100,752100
3-10-14-752-114,752100
3-10-14-755-100,755100
3-10-14-755-114,755100
3-10-14-757-100,757100
3-10-14-814-100,814100
3-10-14-816-100,815100
3-10-14-817-100,817000
3-10-14-822-100,822000
3-10-14-823-100,823000
3-10-14-823-114,823000
3-10-14-830-100,830000
3-10-14-830-114,830000
3-10-14-831-100,831000
3-10-14-831-114,831000
3-10-14-832-100,832000
3-10-14-833-100,833000
3-10-14-833-112,833000
3-10-14-842-100,842000
3-10-14-844-100,844000
3-10-14-845-100,845000
3-10-14-845-114,845000
3-10-14-865-101,867000
3-10-14-870-100,870000
3-10-14-871-100,871100
3-10-14-871-112,871100
3-10-14-871-114,871100
3-10-14-871-116,871100
3-10-14-872-100,872100
3-10-14-872-112,872100
3-10-14-872-114,872100
3-10-14-872-116,872100
3-10-14-873-100,873100
3-10-14-873-112,873100
3-10-14-873-114,873100
3-10-14-873-116,873100
3-10-14-874-100,874100
3-10-14-874-112,874100
3-10-14-874-114,874100
3-10-14-890-100,890000
3-10-15-128-100,128000
3-10-15-131-100,131105
3-10-15-131-112,131105
3-10-15-131-114,131105
3-10-15-171-100,171100
3-10-15-490-100,490100
3-10-15-755-100,755100
3-10-15-755-111,755100
3-10-15-756-100,756100
3-10-15-757-100,757100
3-10-15-770-100,770100
3-10-15-815-100,815100
3-10-15-816-100,815100
3-10-15-821-100,821100
3-10-15-821-101,821101
3-10-15-822-100,822000
3-10-15-823-100,823000
3-10-15-825-100,825000
3-10-15-830-100,830000
3-10-15-831-100,831000
3-10-15-832-112,832000
3-10-15-833-100,833000
3-10-15-833-112,833000
3-10-15-833-116,833000
3-10-15-842-100,842000
3-10-15-844-100,844000
3-10-15-845-100,845000
3-10-15-847-100,846000
3-10-15-860-100,861000
3-10-15-860-111,861000
3-10-15-860-113,861000
3-10-15-860-115,861000
3-10-15-860-117,861000
3-10-15-860-118,861000
3-10-15-860-119,861000
3-10-15-860-120,861000
3-10-15-860-130,861000
3-10-15-860-170,861000
3-10-15-861-100,861000
3-10-15-862-100,863000
3-10-15-863-100,865000
3-10-15-864-100,865000
3-10-15-864-101,865000
3-10-15-864-111,865000
3-10-15-864-113,865000
3-10-15-864-115,865000
3-10-15-864-117,865000
3-10-15-864-118,865000
3-10-15-864-120,865000
3-10-15-864-130,865000
3-10-15-864-170,865000
3-10-15-865-100,866000
3-10-15-866-100,868000
3-10-15-867-100,869000
3-10-15-870-100,870000
3-10-15-870-112,870000
3-10-15-871-100,871100
3-10-15-871-112,871100
3-10-15-871-114,871100
3-10-15-872-100,872100
3-10-15-872-112,872100
3-10-15-872-114,872100
3-10-15-873-100,873100
3-10-15-873-112,873100
3-10-15-873-114,873100
3-10-15-874-100,874100
3-10-15-888-100,861100
3-10-15-890-100,890000
3-10-15-890-101,890101
3-10-16-131-100,131105
3-10-16-611-100,611100
3-10-16-822-116,822000
3-10-16-823-100,823000
3-10-16-830-100,830000
3-10-16-830-116,830000
3-10-16-832-116,832000
3-10-16-833-116,833000
3-10-16-842-100,842000
3-10-16-842-116,842000
3-10-16-843-100,843000
3-10-16-843-116,843000
3-10-16-871-116,871100
3-10-16-872-116,872100
3-10-16-873-116,873100
3-10-17-131-100,131105
3-10-17-131-112,131105
3-10-17-131-114,131105
3-10-17-131-116,131105
3-10-17-299-100,299100
3-10-17-490-100,490100
3-10-17-754-100,754000
3-10-17-755-111,755100
3-10-17-756-111,756100
3-10-17-757-100,757100
3-10-17-814-100,814100
3-10-17-815-100,815100
3-10-17-817-100,817000
3-10-17-821-101,821101
3-10-17-822-100,822000
3-10-17-823-100,823000
3-10-17-830-100,830000
3-10-17-831-100,831000
3-10-17-832-112,832000
3-10-17-832-116,832000
3-10-17-833-100,833000
3-10-17-833-112,833000
3-10-17-833-116,833000
3-10-17-842-100,842000
3-10-17-844-100,844000
3-10-17-845-100,845000
3-10-17-860-100,860000
3-10-17-865-100,866000
3-10-17-865-101,867000
3-10-17-866-100,868000
3-10-17-867-100,869000
3-10-17-871-100,871100
3-10-17-871-112,871100
3-10-17-871-114,871100
3-10-17-871-116,871100
3-10-17-872-100,872100
3-10-17-872-112,872100
3-10-17-872-114,872100
3-10-17-872-116,872100
3-10-17-873-100,873100
3-10-17-873-112,873100
3-10-17-873-114,873100
3-10-17-873-116,873100
3-10-17-890-117,890000
3-10-17-891-100,891100
3-10-18-131-100,131105
3-10-18-131-112,131105
3-10-18-131-114,131105
3-10-18-171-100,171100
3-10-18-172-100,172100
3-10-18-173-100,173100
3-10-18-174-100,174100
3-10-18-181-100,181100
3-10-18-182-100,182100
3-10-18-183-100,183100
3-10-18-184-100,184100
3-10-18-250-101,201100
3-10-18-754-100,754000
3-10-18-755-100,755100
3-10-18-756-100,756100
3-10-18-770-100,770100
3-10-18-810-100,810000
3-10-18-811-100,811100
3-10-18-813-100,813000
3-10-18-814-100,814100
3-10-18-815-100,815100
3-10-18-816-100,815100
3-10-18-821-101,821101
3-10-18-822-100,822000
3-10-18-823-100,823000
3-10-18-831-100,831000
3-10-18-833-100,833000
3-10-18-833-112,833000
3-10-18-842-100,842000
3-10-18-845-100,845000
3-10-18-850-100,850100
3-10-18-851-100,851100
3-10-18-863-100,865000
3-10-18-864-100,865000
3-10-18-865-101,867000
3-10-18-866-100,868000
3-10-18-867-100,869000
3-10-18-871-100,871100
3-10-18-871-112,871100
3-10-18-871-114,871100
3-10-18-871-116,871100
3-10-18-872-100,872100
3-10-18-872-112,872100
3-10-18-872-114,872100
3-10-18-872-116,872100
3-10-18-873-100,873100
3-10-18-873-112,873100
3-10-18-873-114,873100
3-10-18-873-116,873100
3-10-18-874-100,874100
3-10-18-890-100,890000
3-10-19-131-100,131105
3-10-19-131-200,131105
3-10-19-754-100,754000
3-10-19-755-100,755100
3-10-19-755-200,755100
3-10-19-814-100,814100
3-10-19-814-102,814102
3-10-19-814-103,814103
3-10-19-814-114,814114
3-10-19-815-100,815100
3-10-19-817-100,817000
3-10-19-821-101,821101
3-10-19-823-100,823000
3-10-19-825-100,825000
3-10-19-825-200,825000
3-10-19-830-100,830000
3-10-19-830-200,830000
3-10-19-831-100,831000
3-10-19-831-200,831000
3-10-19-833-100,833000
3-10-19-833-112,833000
3-10-19-833-116,833000
3-10-19-833-200,833000
3-10-19-833-212,833000
3-10-19-842-100,842000
3-10-19-845-100,845000
3-10-19-845-200,845000
3-10-19-866-100,868000
3-10-19-866-200,868000
3-10-19-867-100,869000
3-10-19-867-200,869000
3-10-19-870-100,870000
3-10-19-871-100,871100
3-10-19-871-112,871100
3-10-19-871-116,871100
3-10-19-871-200,871100
3-10-19-871-212,871100
3-10-19-872-100,872100
3-10-19-872-112,872100
3-10-19-872-116,872100
3-10-19-872-200,872100
3-10-19-872-212,*** NO MAPPED
3-10-19-872-216,*** NO MAPPED
3-10-19-873-100,873100
3-10-19-873-112,873100
3-10-19-873-116,873100
3-10-19-873-200,873100
3-10-19-873-212,*** NO MAPPED
3-10-19-874-100,874100
3-10-25-815-100,815100
3-10-25-817-100,817000
3-10-25-821-101,821101
3-10-25-825-100,825000
3-10-25-831-100,831000
3-10-25-833-100,833000
3-10-25-833-112,833000
3-10-25-833-116,833000
3-10-25-842-100,842000
3-10-25-845-100,845000
3-10-25-866-100,868000
3-10-25-867-100,869000
3-10-25-871-112,871100
3-10-25-871-116,872100
3-10-25-872-112,872100
3-10-25-872-116,872100
3-10-25-873-112,873100
3-10-25-873-116,873100
3-20-20-101-100,101101
3-20-20-131-100,131105
3-20-20-201-100,201100
3-20-20-250-100,201100
3-20-20-410-100,410000
3-20-20-815-100,815100
3-20-20-823-100,823000
3-20-20-833-100,833000
3-20-20-865-101,867000
3-20-20-871-100,871100
3-20-20-871-114,871100
3-20-20-872-100,872100
3-20-20-872-114,872100
3-20-20-873-100,873100
3-20-20-873-114,873100
3-20-21-101-100,101101
3-20-21-101-103,101100
3-20-21-111-103,116000
3-20-21-115-100,115000
3-20-21-116-100,116000
3-20-21-121-100,121000
3-20-21-128-100,128000
3-20-21-128-103,128103
3-20-21-129-100,129101
3-20-21-129-111,129101
3-20-21-129-121,129101
3-20-21-129-122,129101
3-20-21-129-123,129101
3-20-21-129-124,129101
3-20-21-129-131,129101
3-20-21-129-165,129101
3-20-21-129-171,129101
3-20-21-131-100,131105
3-20-21-131-112,131105
3-20-21-131-114,131105
3-20-21-131-116,131105
3-20-21-140-100,140100
3-20-21-140-101,140101
3-20-21-140-106,140106
3-20-21-140-107,140107
3-20-21-141-100,141100
3-20-21-141-101,141101
3-20-21-141-102,141102
3-20-21-141-103,141103
3-20-21-141-108,141108
3-20-21-141-109,141109
3-20-21-142-109,142109
3-20-21-143-100,143100
3-20-21-143-101,143101
3-20-21-143-102,143102
3-20-21-143-103,143103
3-20-21-143-104,143104
3-20-21-143-105,143105
3-20-21-143-106,143106
3-20-21-143-107,143107
3-20-21-143-108,143108
3-20-21-143-109,143109
3-20-21-143-110,143110
3-20-21-144-101,144101
3-20-21-144-102,144102
3-20-21-144-108,144101
3-20-21-144-109,144102
3-20-21-145-100,145100
3-20-21-146-100,146100
3-20-21-146-102,146101
3-20-21-146-103,146101
3-20-21-146-104,146103
3-20-21-147-100,147100
3-20-21-148-107,148107
3-20-21-148-108,148108
3-20-21-148-109,148109
3-20-21-151-100,151100
3-20-21-152-100,152101
3-20-21-153-100,153101
3-20-21-154-100,154101
3-20-21-155-100,155100
3-20-21-161-100,161100
3-20-21-162-100,161100
3-20-21-163-100,*** NO MAPPED
3-20-21-201-100,201100
3-20-21-201-101,201101
3-20-21-201-103,201103
3-20-21-202-100,202100
3-20-21-202-103,201103
3-20-21-202-110,202110
3-20-21-202-113,202113
3-20-21-202-120,202120
3-20-21-202-123,202123
3-20-21-202-140,202140
3-20-21-202-143,202143
3-20-21-202-153,202153
3-20-21-202-163,202163
3-20-21-202-173,202173
3-20-21-202-183,202183
3-20-21-203-100,203100
3-20-21-205-100,205100
3-20-21-206-100,206100
3-20-21-206-103,206100
3-20-21-209-100,209100
3-20-21-209-111,209102
3-20-21-209-121,209102
3-20-21-209-122,209102
3-20-21-209-124,209102
3-20-21-209-131,209100
3-20-21-209-171,209100
3-20-21-209-181,209100
3-20-21-209-185,209100
3-20-21-211-100,211100
3-20-21-211-103,211103
3-20-21-212-100,212100
3-20-21-212-101,212100
3-20-21-213-100,213100
3-20-21-221-100,221100
3-20-21-232-100,232100
3-20-21-232-103,232100
3-20-21-242-100,243100
3-20-21-243-100,243200
3-20-21-250-100,201100
3-20-21-299-101,*** NO MAPPED
3-20-21-340-121,340121
3-20-21-410-100,410000
3-20-21-410-101,410000
3-20-21-410-102,410102
3-20-21-410-103,410000
3-20-21-415-100,415100
3-20-21-416-100,416000
3-20-21-421-100,421100
3-20-21-460-100,460100
3-20-21-460-121,460100
3-20-21-470-117,440100
3-20-21-611-101,611101
3-20-21-620-100,620100
3-20-21-620-101,620101
3-20-21-620-102,620102
3-20-21-620-103,620103
3-20-21-620-104,620104
3-20-21-620-105,620100
3-20-21-620-106,620100
3-20-21-621-100,610100
3-20-21-623-100,620100
3-20-21-623-103,620103
3-20-21-623-105,623000
3-20-21-630-100,630100
3-20-21-640-100,815103
3-20-21-690-100,690100
3-20-21-690-103,690100
3-20-21-750-100,750100
3-20-21-753-100,753100
3-20-21-754-111,754000
3-20-21-755-100,755100
3-20-21-756-100,756100
3-20-21-757-100,757100
3-20-21-770-100,770100
3-20-21-810-100,810000
3-20-21-811-100,811100
3-20-21-811-103,811100
3-20-21-811-110,811100
3-20-21-813-100,813000
3-20-21-814-100,814100
3-20-21-815-100,815100
3-20-21-815-103,815103
3-20-21-815-104,815104
3-20-21-816-100,815100
3-20-21-816-103,815103
3-20-21-817-100,817000
3-20-21-820-100,820000
3-20-21-820-101,820101
3-20-21-821-100,821100
3-20-21-821-101,821101
3-20-21-822-100,822000
3-20-21-823-100,823000
3-20-21-823-104,823000
3-20-21-825-100,825000
3-20-21-830-100,830000
3-20-21-831-100,831000
3-20-21-832-100,832000
3-20-21-832-112,832000
3-20-21-833-100,833000
3-20-21-833-112,833000
3-20-21-833-116,833000
3-20-21-840-100,840000
3-20-21-841-100,841000
3-20-21-842-100,842000
3-20-21-844-100,844000
3-20-21-845-100,845000
3-20-21-860-100,860000
3-20-21-862-100,863000
3-20-21-863-100,865000
3-20-21-864-100,865000
3-20-21-865-100,866000
3-20-21-865-101,867000
3-20-21-866-100,868000
3-20-21-867-100,869000
3-20-21-870-100,870000
3-20-21-870-112,870000
3-20-21-871-100,871100
3-20-21-871-112,871100
3-20-21-871-114,871100
3-20-21-871-116,871100
3-20-21-872-100,872100
3-20-21-872-112,872100
3-20-21-872-114,872100
3-20-21-872-116,872100
3-20-21-873-100,873100
3-20-21-873-112,873100
3-20-21-873-114,873100
3-20-21-873-116,873100
3-20-21-874-100,874100
3-20-21-874-114,874100
3-20-21-890-100,890000
3-20-21-891-100,891100
3-20-21-892-100,*** NO MAPPED
3-20-21-893-100,891300
3-20-21-895-100,891100
3-20-21-901-100,901100
3-20-21-902-100,465100
3-20-21-903-100,903100
3-20-21-910-100,900200
3-20-21-911-100,900200
3-20-21-921-101,900500
3-20-21-922-100,922100
3-20-21-923-100,923100
3-20-21-990-100,990100
3-20-24-816-100,815100
3-22-22-101-100,101102
3-22-22-115-100,115000
3-22-22-116-100,116000
3-22-22-128-100,128000
3-22-22-129-100,129101
3-22-22-129-111,129101
3-22-22-129-121,129101
3-22-22-129-165,129101
3-22-22-129-171,129101
3-22-22-129-181,129101
3-22-22-131-100,131105
3-22-22-149-100,149100
3-22-22-162-100,*** NO MAPPED
3-22-22-163-100,*** NO MAPPED
3-22-22-201-100,201100
3-22-22-205-100,205100
3-22-22-209-111,209102
3-22-22-209-121,209100
3-22-22-209-122,209100
3-22-22-209-171,209100
3-22-22-209-181,209100
3-22-22-211-100,211100
3-22-22-211-103,211103
3-22-22-212-100,212100
3-22-22-213-100,213100
3-22-22-221-100,221100
3-22-22-243-100,243200
3-22-22-250-100,201100
3-22-22-340-122,*** NO MAPPED
3-22-22-410-100,410000
3-22-22-410-101,410101
3-22-22-410-105,410105
3-22-22-460-100,460100
3-22-22-460-122,460100
3-22-22-610-100,610100
3-22-22-610-101,610101
3-22-22-610-103,610100
3-22-22-611-100,611100
3-22-22-611-101,611101
3-22-22-611-102,611100
3-22-22-611-103,611100
3-22-22-621-100,610100
3-22-22-640-100,815103
3-22-22-640-101,815103
3-22-22-811-100,811100
3-22-22-811-110,811100
3-22-22-814-100,814100
3-22-22-815-100,815100
3-22-22-815-103,815103
3-22-22-816-100,815100
3-22-22-822-100,822000
3-22-22-823-100,823000
3-22-22-831-100,831000
3-22-22-833-100,833000
3-22-22-842-100,842000
3-22-22-844-100,844000
3-22-22-845-100,845000
3-22-22-864-100,865000
3-22-22-865-100,866000
3-22-22-866-100,868000
3-22-22-890-100,890000
3-22-22-891-100,891100
3-22-22-892-100,*** NO MAPPED
3-22-22-892-101,*** NO MAPPED
3-22-22-893-100,891300
3-22-22-895-100,891100
3-22-22-901-100,901100
3-22-22-902-100,465100
3-22-22-902-100,465100
3-22-22-910-100,900200
3-22-22-911-100,900200
3-22-22-960-100,900900
3-23-23-128-100,128000
3-23-23-129-111,129101
3-23-23-161-100,161100
3-23-23-209-111,209100
3-23-23-209-121,209100
3-23-23-209-171,209100
3-23-23-340-123,*** NO MAPPED
3-23-23-611-100,611100
3-23-23-811-100,811100
3-23-23-814-100,814100
3-23-23-815-100,815100
3-23-23-891-100,891100
3-23-23-901-100,901100
3-23-23-910-100,910100
3-23-23-911-100,900200
3-23-23-960-100,900900
3-24-24-116-100,116000
3-24-24-128-100,128000
3-24-24-129-111,129101
3-24-24-129-121,129101
3-24-24-129-185,129101
3-24-24-161-100,161102
3-24-24-206-100,206100
3-24-24-209-100,209100
3-24-24-209-111,209102
3-24-24-209-165,209100
3-24-24-232-100,232100
3-24-24-340-124,*** NO MAPPED
3-24-24-410-100,410000
3-24-24-420-100,420100
3-24-24-421-100,421000
3-24-24-611-100,611100
3-24-24-815-100,815100
3-24-24-816-100,815100
3-24-24-830-100,830000
3-24-24-891-100,891100
3-24-24-893-100,891300
3-24-24-901-100,901100
3-24-24-910-100,900200
3-24-24-911-100,900200
3-24-24-960-100,900900
3-30-30-340-130,*** NO MAPPED
3-30-30-871-112,871100
3-30-31-101-100,101103
3-30-31-121-100,121000
3-30-31-128-100,128000
3-30-31-129-100,129101
3-30-31-129-111,129101
3-30-31-129-121,129101
3-30-31-129-165,129101
3-30-31-129-171,129101
3-30-31-131-100,131105
3-30-31-131-112,131105
3-30-31-131-114,131105
3-30-31-131-116,131105
3-30-31-132-100,131101
3-30-31-133-100,133100
3-30-31-161-100,161103
3-30-31-199-105,199105
3-30-31-201-100,201100
3-30-31-204-100,204100
3-30-31-209-100,209100
3-30-31-209-111,209102
3-30-31-209-121,209102
3-30-31-209-124,209100
3-30-31-209-131,209100
3-30-31-209-147,209100
3-30-31-209-161,209100
3-30-31-209-165,209100
3-30-31-209-171,209100
3-30-31-209-185,209100
3-30-31-211-100,211100
3-30-31-244-131,244100
3-30-31-250-100,201100
3-30-31-299-102,299102
3-30-31-299-105,299105
3-30-31-440-100,440100
3-30-31-441-100,441100
3-30-31-442-100,442100
3-30-31-443-100,443100
3-30-31-444-100,444100
3-30-31-445-100,445100
3-30-31-446-100,446100
3-30-31-450-100,450100
3-30-31-470-117,440100
3-30-31-490-100,490100
3-30-31-621-100,610100
3-30-31-630-100,630100
3-30-31-630-101,630100
3-30-31-631-100,630100
3-30-31-631-101,631101
3-30-31-631-102,631102
3-30-31-633-100,633100
3-30-31-634-100,634100
3-30-31-635-100,635100
3-30-31-636-100,636100
3-30-31-650-100,650100
3-30-31-690-100,690100
3-30-31-690-105,690100
3-30-31-750-100,750100
3-30-31-754-100,754000
3-30-31-754-111,754000
3-30-31-755-100,755100
3-30-31-756-100,756100
3-30-31-757-100,757100
3-30-31-770-100,770100
3-30-31-811-100,811100
3-30-31-811-110,811100
3-30-31-812-101,812101
3-30-31-813-100,813000
3-30-31-814-100,814100
3-30-31-815-100,815100
3-30-31-817-100,817000
3-30-31-820-100,820000
3-30-31-820-101,820101
3-30-31-821-100,821100
3-30-31-821-101,821101
3-30-31-822-100,822000
3-30-31-823-100,823000
3-30-31-823-104,823000
3-30-31-825-100,825000
3-30-31-830-100,830000
3-30-31-831-100,831000
3-30-31-832-100,832000
3-30-31-832-112,832000
3-30-31-833-100,833000
3-30-31-833-112,833000
3-30-31-833-116,833000
3-30-31-840-100,840000
3-30-31-842-100,842000
3-30-31-843-116,843000
3-30-31-844-100,844000
3-30-31-845-100,845000
3-30-31-860-100,860000
3-30-31-865-100,866000
3-30-31-865-101,867000
3-30-31-866-100,868000
3-30-31-867-100,869000
3-30-31-870-100,870000
3-30-31-870-112,870000
3-30-31-870-114,870000
3-30-31-871-100,871100
3-30-31-871-112,871100
3-30-31-871-114,871100
3-30-31-871-116,871100
3-30-31-872-100,872100
3-30-31-872-112,872100
3-30-31-872-114,872100
3-30-31-872-116,872100
3-30-31-873-100,873100
3-30-31-873-112,873100
3-30-31-873-114,873100
3-30-31-873-116,873100
3-30-31-890-100,890000
3-30-31-891-100,891100
3-30-31-893-100,891300
3-30-31-901-100,901100
3-30-31-902-100,465100
3-30-31-910-100,900200
3-30-31-911-100,900200
3-30-31-960-100,900900
3-30-32-131-100,131105
3-30-32-440-100,440100
3-30-32-441-100,441100
3-30-32-442-100,442100
3-30-32-443-100,443100
3-30-32-444-100,444100
3-30-32-630-100,630100
3-30-32-631-100,630100
3-30-32-631-102,631102
3-30-32-633-100,633100
3-30-32-634-100,634100
3-30-32-636-100,636100
3-30-32-637-100,637100
3-30-33-440-100,440100
3-30-33-441-100,441100
3-30-33-442-100,442100
3-30-33-630-100,630100
3-34-34-133-100,133100
3-34-34-201-100,201100
3-34-34-209-111,209100
3-34-34-209-131,209102
3-34-34-244-134,244100
3-34-34-340-134,*** NO MAPPED
3-34-34-440-100,440100
3-34-34-441-100,441100
3-34-34-442-100,442100
3-34-34-443-100,443100
3-34-34-630-100,630100
3-34-34-631-100,630100
3-34-34-633-100,633100
3-34-34-635-100,635100
3-40-40-129-131,129101
3-40-40-209-131,209102
3-40-40-340-140,*** NO MAPPED
3-40-40-440-100,440100
3-40-41-440-100,440100
3-40-41-441-100,441100
3-40-41-442-100,442100
3-40-41-443-100,443100
3-40-41-630-100,630100
3-40-41-631-100,630100
3-40-41-633-100,633100
3-40-41-636-100,636100
3-40-42-440-100,440100
3-40-42-441-100,441100
3-40-42-442-100,442100
3-40-42-443-100,443100
3-40-42-630-100,630100
3-40-42-636-100,636100
3-40-43-440-100,440100
3-40-43-441-100,441100
3-40-43-442-100,442100
3-40-43-443-100,443100
3-40-43-630-100,630100
3-40-44-440-100,440100
3-40-44-441-100,441100
3-40-44-442-100,442100
3-40-44-443-100,443100
3-40-44-630-100,630100
3-40-45-440-100,440100
3-40-45-441-100,441100
3-40-45-442-100,442100
3-40-45-443-100,443100
3-40-45-630-100,630100
3-40-46-440-100,440100
3-40-46-441-100,441100
3-40-46-442-100,442100
3-40-46-443-100,443100
3-40-46-630-100,630100
3-40-47-161-100,161104
3-40-47-440-100,440100
3-40-47-441-100,441100
3-40-47-442-100,442100
3-40-47-443-100,443100
3-40-47-630-100,630100
3-40-47-901-100,901100
3-40-47-910-100,900200
3-40-47-960-100,900900
3-50-50-209-131,209102
3-50-50-340-150,*** NO MAPPED
3-50-51-129-100,129101
3-50-51-440-100,440100
3-50-51-441-100,441100
3-50-51-442-100,442100
3-50-51-443-100,443100
3-50-51-632-100,632100
3-50-51-890-100,890000
3-50-52-214-101,214100
3-50-52-440-100,440100
3-50-52-632-100,632100
3-50-53-440-100,440100
3-50-53-441-100,441100
3-50-53-442-100,442100
3-50-53-443-100,443100
3-50-53-630-100,630100
3-50-54-440-100,440100
3-50-54-441-100,441100
3-50-54-442-100,442100
3-50-54-443-100,443100
3-50-54-630-100,630100
3-50-56-440-100,440100
3-50-56-442-100,442100
3-50-56-630-100,630100
3-50-57-440-100,440100
3-50-57-442-100,442100
3-50-57-630-100,630100
3-50-58-440-100,440100
3-50-58-630-100,630100
3-60-61-131-100,131105
3-60-61-209-111,209100
3-60-61-209-131,209100
3-60-61-340-161,*** NO MAPPED
3-60-61-450-100,450100
3-60-61-650-100,650100
3-60-61-754-111,754000
3-60-61-755-100,755100
3-60-61-813-100,813000
3-60-61-814-100,814100
3-60-61-815-100,815100
3-60-61-822-100,822000
3-60-61-823-100,823000
3-60-61-831-100,831000
3-60-61-833-100,833000
3-60-61-833-112,833000
3-60-61-840-100,840000
3-60-61-842-100,842000
3-60-61-842-112,842000
3-60-61-845-100,845000
3-60-61-865-100,866000
3-60-61-866-100,868000
3-60-61-870-100,870000
3-60-61-871-100,871100
3-60-61-871-112,871100
3-60-61-871-116,871100
3-60-61-872-100,872100
3-60-61-872-112,872100
3-60-61-872-116,872100
3-60-61-873-100,873100
3-60-61-873-112,873100
3-60-61-873-116,873100
3-60-61-890-100,890000
3-60-61-893-102,*** NO MAPPED
3-65-65-128-100,128000
3-65-65-129-124,129101
3-65-65-131-100,131105
3-65-65-161-100,161100
3-65-65-201-100,201100
3-65-65-209-111,209102
3-65-65-209-121,209100
3-65-65-209-122,209100
3-65-65-209-131,209100
3-65-65-221-100,221100
3-65-65-222-100,222100
3-65-65-223-100,223100
3-65-65-244-165,244100
3-65-65-340-165,*** NO MAPPED
3-65-65-440-100,440100
3-65-65-441-100,441100
3-65-65-442-100,442100
3-65-65-443-100,443100
3-65-65-630-100,630100
3-65-65-630-101,630100
3-65-65-631-100,630100
3-65-65-631-101,631101
3-65-65-633-100,633100
3-65-65-635-100,635100
3-65-65-636-100,636100
3-65-65-638-100,638100
3-65-65-810-100,810000
3-65-65-811-110,811100
3-65-65-823-100,823000
3-65-65-842-100,842000
3-65-65-890-100,890000
3-65-65-901-100,901100
3-65-65-902-100,465100
3-65-65-910-100,900200
3-65-65-911-100,900200
3-65-65-960-100,900900
3-99-11-101-100,101100
3-99-11-201-100,201100
3-99-11-209-111,209100
3-99-11-421-100,421100
3-99-11-490-100,490100
3-99-11-710-100,710100
3-99-11-720-100,720100
3-99-11-730-100,730100
3-99-11-740-100,740100
3-99-11-811-100,811100
3-99-11-813-100,813000
3-99-11-814-100,814100
3-99-11-815-100,815100
3-99-11-821-100,821100
3-99-11-823-100,823000
3-99-11-824-100,824000
3-99-11-825-100,825000
3-99-11-827-100,827000
3-99-11-831-100,831000
3-99-11-865-100,866000
3-99-11-871-100,871100
3-99-11-872-100,872100
3-99-11-873-100,873100
4-10-11-129-100,129101
4-85-85-101-100,101107
4-85-85-111-100,111001
4-85-85-115-100,115000
4-85-85-116-100,116000
4-85-85-128-100,128000
4-85-85-129-111,129101
4-85-85-129-121,129101
4-85-85-129-131,129101
4-85-85-129-171,129101
4-85-85-129-181,129101
4-85-85-140-100,140100
4-85-85-141-100,141100
4-85-85-141-101,141101
4-85-85-141-103,141103
4-85-85-141-108,141108
4-85-85-141-109,141109
4-85-85-142-109,142109
4-85-85-143-100,143111
4-85-85-143-101,143101
4-85-85-143-102,143102
4-85-85-143-103,143103
4-85-85-143-104,143104
4-85-85-143-105,143112
4-85-85-143-106,143106
4-85-85-143-109,143109
4-85-85-143-110,143110
4-85-85-144-108,144101
4-85-85-144-109,144102
4-85-85-145-100,145100
4-85-85-145-101,145101
4-85-85-146-100,146100
4-85-85-146-101,146101
4-85-85-146-103,146103
4-85-85-146-104,146103
4-85-85-147-100,147101
4-85-85-147-101,147101
4-85-85-148-107,148107
4-85-85-148-109,148109
4-85-85-151-100,151101
4-85-85-151-101,151101
4-85-85-151-106,151106
4-85-85-152-100,152100
4-85-85-152-101,152100
4-85-85-152-106,152106
4-85-85-153-100,153100
4-85-85-153-101,153100
4-85-85-153-106,153106
4-85-85-154-100,154100
4-85-85-154-106,154106
4-85-85-155-100,155100
4-85-85-201-100,201100
4-85-85-201-101,201101
4-85-85-205-100,205100
4-85-85-206-100,206100
4-85-85-209-100,209100
4-85-85-209-111,209100
4-85-85-209-124,209100
4-85-85-209-171,209101
4-85-85-209-181,209100
4-85-85-211-100,211100
4-85-85-211-171,211100
4-85-85-212-100,212100
4-85-85-212-101,212101
4-85-85-213-100,213100
4-85-85-221-100,221100
4-85-85-250-100,201100
4-85-85-340-100,*** NO MAPPED
4-85-85-415-100,415000
4-85-85-416-100,416000
4-85-85-422-100,422000
4-85-85-460-100,460100
4-85-85-460-117,460100
4-85-85-620-100,620100
4-85-85-620-101,620101
4-85-85-621-100,621102
4-85-85-622-100,622100
4-85-85-812-100,812100
4-85-85-833-100,833000
4-85-85-901-100,901100
4-85-85-902-100,465100
4-85-85-903-100,*** NO MAPPED
4-85-85-910-100,900200
4-85-85-921-101,900500
4-85-85-960-100,900900
4-85-85-962-117,962117
4-85-85-962-171,901000
4-85-85-990-100,990100
